Order_ID,Order_Date,Month_Year,Year,Month,Product,Category,Region,Sales_Rep,Quantity,Unit_Price,Discount_%,Revenue,Customer_Type,Order_Frequency,Customer_LTV
ORD00001,2023-05-08,May-2023,2023,5,Mobile,Accessories,South,REP009,49,800,20,31360.0,New,12,345562.4
ORD00002,2024-11-03,Nov-2024,2024,11,Smart Watch,Electronics,South,REP008,31,15000,0,465000.0,New,6,3485895.47
ORD00003,2024-04-14,Apr-2024,2024,4,Monitor,Wearables,South,REP009,22,25000,15,467500.0,Repeat,6,3790008.75
ORD00004,2023-09-22,Sep-2023,2023,9,Mouse,Accessories,East,REP020,3,12000,0,36000.0,Repeat,5,147268.5
ORD00005,2024-07-31,Jul-2024,2024,7,Smart Watch,Wearables,East,REP010,46,12000,10,496800.0,New,8,5163362.37
ORD00006,2023-10-29,Oct-2023,2023,10,Tablet,Electronics,South,REP005,39,25000,20,780000.0,Repeat,5,4858361.16
ORD00007,2023-08-05,Aug-2023,2023,8,Mouse,Wearables,East,REP005,38,5000,0,190000.0,New,12,2635712.13
ORD00008,2024-02-20,Feb-2024,2024,2,Monitor,Accessories,Central,REP006,23,12000,10,248400.0,Repeat,6,1738307.46
ORD00009,2024-05-11,May-2024,2024,5,Tablet,Accessories,Central,REP016,12,2000,5,22800.0,New,11,366886.24
ORD00010,2023-08-19,Aug-2023,2023,8,Camera,Accessories,South,REP008,10,25000,10,225000.0,New,11,2321202.37
ORD00011,2024-04-15,Apr-2024,2024,4,Mouse,Accessories,North,REP017,15,15000,0,225000.0,New,7,1950608.24
ORD00012,2024-06-03,Jun-2024,2024,6,Mobile,Wearables,East,REP018,35,1500,20,42000.0,New,1,46731.01
ORD00013,2023-09-11,Sep-2023,2023,9,Headphones,Wearables,East,REP006,45,15000,0,675000.0,Repeat,3,1677029.98
ORD00014,2023-09-30,Sep-2023,2023,9,Keyboard,Electronics,East,REP003,48,15000,15,612000.0,New,3,2140391.16
ORD00015,2023-08-01,Aug-2023,2023,8,Headphones,Electronics,South,REP019,49,800,5,37240.0,Repeat,2,87577.57
ORD00016,2023-11-23,Nov-2023,2023,11,Mobile,Wearables,South,REP016,8,2000,0,16000.0,Repeat,4,55674.44
ORD00017,2023-08-09,Aug-2023,2023,8,Mouse,Accessories,West,REP010,37,5000,10,166500.0,Repeat,2,434227.68
ORD00018,2024-10-20,Oct-2024,2024,10,Headphones,Accessories,Central,REP020,49,2000,0,98000.0,New,7,837570.26
ORD00019,2024-10-08,Oct-2024,2024,10,Tablet,Electronics,East,REP017,31,1500,0,46500.0,New,5,327146.72
ORD00020,2023-12-16,Dec-2023,2023,12,Camera,Wearables,Central,REP017,20,2000,0,40000.0,Repeat,8,257459.87
ORD00021,2024-04-26,Apr-2024,2024,4,Monitor,Accessories,South,REP006,5,45000,15,191250.0,New,2,553747.83
ORD00022,2023-12-17,Dec-2023,2023,12,Keyboard,Accessories,South,REP007,50,8000,20,320000.0,Repeat,4,1299251.5
ORD00023,2023-11-24,Nov-2023,2023,11,Keyboard,Accessories,West,REP004,44,25000,10,990000.0,Repeat,10,12576178.54
ORD00024,2023-06-10,Jun-2023,2023,6,Headphones,Accessories,West,REP006,11,800,15,7480.0,Repeat,6,65959.91
ORD00025,2024-10-31,Oct-2024,2024,10,Mouse,Accessories,West,REP009,15,25000,5,356250.0,New,6,1926936.09
ORD00026,2023-12-29,Dec-2023,2023,12,Smart Watch,Accessories,West,REP010,28,800,5,21280.0,Repeat,1,28378.07
ORD00027,2023-02-26,Feb-2023,2023,2,Speaker,Accessories,East,REP005,30,25000,0,750000.0,Repeat,4,3790314.71
ORD00028,2023-10-29,Oct-2023,2023,10,Smart Watch,Electronics,North,REP011,28,45000,0,1260000.0,Repeat,9,14938316.62
ORD00029,2024-09-24,Sep-2024,2024,9,Keyboard,Wearables,West,REP009,7,8000,0,56000.0,Repeat,6,438814.12
ORD00030,2024-08-30,Aug-2024,2024,8,Monitor,Electronics,North,REP013,45,2000,0,90000.0,New,10,1089252.05
ORD00031,2023-04-14,Apr-2023,2023,4,Laptop,Wearables,East,REP009,35,35000,5,1163750.0,New,2,2630746.73
ORD00032,2023-03-17,Mar-2023,2023,3,Smart Watch,Accessories,West,REP005,10,800,0,8000.0,Repeat,4,38185.14
ORD00033,2023-09-09,Sep-2023,2023,9,Smart Watch,Electronics,Central,REP018,49,25000,10,1102500.0,Repeat,5,7070878.74
ORD00034,2023-03-11,Mar-2023,2023,3,Smart Watch,Accessories,East,REP015,48,15000,0,720000.0,New,8,5526014.96
ORD00035,2023-12-08,Dec-2023,2023,12,Headphones,Accessories,East,REP009,39,5000,0,195000.0,New,11,2332784.59
ORD00036,2024-05-13,May-2024,2024,5,Laptop,Wearables,Central,REP002,33,35000,0,1155000.0,Repeat,7,12102906.44
ORD00037,2023-12-01,Dec-2023,2023,12,Keyboard,Electronics,West,REP010,37,35000,15,1100750.0,New,12,11265781.75
ORD00038,2024-07-25,Jul-2024,2024,7,Mobile,Electronics,Central,REP006,33,8000,10,237600.0,Repeat,10,2982169.4
ORD00039,2023-03-16,Mar-2023,2023,3,Speaker,Wearables,East,REP015,29,12000,15,295800.0,New,2,548514.76
ORD00040,2023-12-14,Dec-2023,2023,12,Monitor,Accessories,Central,REP014,2,45000,10,81000.0,New,1,100163.21
ORD00041,2023-01-20,Jan-2023,2023,1,Laptop,Accessories,South,REP011,28,12000,0,336000.0,Repeat,10,4274514.11
ORD00042,2024-06-29,Jun-2024,2024,6,Monitor,Electronics,South,REP019,23,800,0,18400.0,Repeat,3,52125.41
ORD00043,2023-04-14,Apr-2023,2023,4,Laptop,Accessories,Central,REP020,3,12000,10,32400.0,New,2,66693.63
ORD00044,2023-08-24,Aug-2023,2023,8,Headphones,Electronics,South,REP010,11,45000,0,495000.0,Repeat,4,2654470.64
ORD00045,2023-05-21,May-2023,2023,5,Monitor,Accessories,North,REP013,2,2000,20,3200.0,Repeat,7,18691.68
ORD00046,2024-02-13,Feb-2024,2024,2,Headphones,Wearables,South,REP013,38,8000,0,304000.0,Repeat,9,3937920.01
ORD00047,2024-06-12,Jun-2024,2024,6,Mobile,Accessories,South,REP007,8,2000,15,13600.0,Repeat,6,108101.87
ORD00048,2024-03-01,Mar-2024,2024,3,Headphones,Accessories,South,REP003,33,35000,5,1097250.0,New,9,8674366.78
ORD00049,2023-01-17,Jan-2023,2023,1,Laptop,Accessories,West,REP014,26,8000,0,208000.0,New,5,1440997.21
ORD00050,2024-10-29,Oct-2024,2024,10,Camera,Accessories,South,REP003,42,45000,5,1795500.0,New,5,11767171.74
ORD00051,2023-02-16,Feb-2023,2023,2,Tablet,Accessories,South,REP006,37,5000,0,185000.0,Repeat,3,498475.61
ORD00052,2023-02-09,Feb-2023,2023,2,Laptop,Accessories,Central,REP007,48,25000,0,1200000.0,Repeat,7,11560714.14
ORD00053,2023-06-26,Jun-2023,2023,6,Tablet,Electronics,Central,REP005,48,12000,0,576000.0,New,3,1418663.96
ORD00054,2023-11-10,Nov-2023,2023,11,Speaker,Accessories,East,REP009,40,35000,0,1400000.0,New,6,6887561.72
ORD00055,2023-02-05,Feb-2023,2023,2,Tablet,Electronics,West,REP002,35,45000,20,1260000.0,Repeat,12,17654765.49
ORD00056,2023-04-13,Apr-2023,2023,4,Laptop,Accessories,East,REP008,6,45000,0,270000.0,New,8,2430223.18
ORD00057,2024-07-03,Jul-2024,2024,7,Monitor,Accessories,South,REP020,41,5000,0,205000.0,Repeat,8,2344682.24
ORD00058,2023-05-12,May-2023,2023,5,Smart Watch,Wearables,Central,REP012,40,8000,5,304000.0,Repeat,12,5040669.77
ORD00059,2023-07-20,Jul-2023,2023,7,Tablet,Accessories,South,REP017,9,12000,0,108000.0,New,12,1122792.75
ORD00060,2023-10-17,Oct-2023,2023,10,Mouse,Accessories,North,REP008,15,25000,0,375000.0,New,6,2918975.24
ORD00061,2024-11-15,Nov-2024,2024,11,Mouse,Wearables,Central,REP017,37,25000,20,740000.0,Repeat,6,4863641.12
ORD00062,2023-05-29,May-2023,2023,5,Mouse,Wearables,North,REP013,41,5000,20,164000.0,Repeat,3,398532.4
ORD00063,2023-02-04,Feb-2023,2023,2,Headphones,Electronics,South,REP013,21,5000,10,94500.0,Repeat,8,1058684.49
ORD00064,2024-10-05,Oct-2024,2024,10,Mouse,Wearables,West,REP015,14,2000,10,25200.0,New,9,251272.65
ORD00065,2023-10-14,Oct-2023,2023,10,Keyboard,Electronics,East,REP011,12,25000,0,300000.0,Repeat,9,3022437.25
ORD00066,2024-11-15,Nov-2024,2024,11,Smart Watch,Electronics,Central,REP009,5,35000,5,166250.0,New,9,1329208.23
ORD00067,2024-04-13,Apr-2024,2024,4,Mobile,Wearables,North,REP018,46,25000,0,1150000.0,New,5,6421573.42
ORD00068,2023-03-26,Mar-2023,2023,3,Keyboard,Wearables,South,REP013,33,15000,0,495000.0,Repeat,1,464841.62
ORD00069,2023-12-29,Dec-2023,2023,12,Keyboard,Electronics,Central,REP005,37,1500,10,49950.0,New,9,473762.45
ORD00070,2024-12-11,Dec-2024,2024,12,Keyboard,Wearables,South,REP012,11,8000,15,74800.0,Repeat,11,1023578.7
ORD00071,2023-08-20,Aug-2023,2023,8,Tablet,Wearables,Central,REP020,28,15000,0,420000.0,New,7,2962189.66
ORD00072,2024-03-07,Mar-2024,2024,3,Monitor,Wearables,West,REP011,9,25000,0,225000.0,New,5,1457818.58
ORD00073,2023-11-16,Nov-2023,2023,11,Headphones,Electronics,Central,REP020,5,5000,20,20000.0,Repeat,3,54039.25
ORD00074,2023-09-06,Sep-2023,2023,9,Speaker,Accessories,South,REP014,26,800,0,20800.0,Repeat,6,106001.64
ORD00075,2023-05-24,May-2023,2023,5,Speaker,Accessories,North,REP019,44,12000,0,528000.0,Repeat,3,2012577.57
ORD00076,2023-01-12,Jan-2023,2023,1,Mobile,Accessories,Central,REP010,34,8000,20,217600.0,Repeat,8,1675566.69
ORD00077,2023-11-02,Nov-2023,2023,11,Mobile,Electronics,Central,REP020,30,12000,0,360000.0,New,5,2636354.77
ORD00078,2024-01-26,Jan-2024,2024,1,Camera,Electronics,North,REP015,28,800,0,22400.0,Repeat,5,107211.26
ORD00079,2023-04-01,Apr-2023,2023,4,Mouse,Electronics,Central,REP012,16,2000,20,25600.0,Repeat,7,150466.49
ORD00080,2023-10-14,Oct-2023,2023,10,Camera,Electronics,East,REP017,22,45000,15,841500.0,New,6,4332876.86
ORD00081,2024-12-31,Dec-2024,2024,12,Monitor,Wearables,South,REP019,32,15000,10,432000.0,Repeat,11,4685604.65
ORD00082,2024-05-14,May-2024,2024,5,Keyboard,Wearables,Central,REP019,25,800,10,18000.0,Repeat,1,21980.95
ORD00083,2024-10-20,Oct-2024,2024,10,Mobile,Wearables,Central,REP004,8,15000,0,120000.0,Repeat,11,1711398.09
ORD00084,2024-03-07,Mar-2024,2024,3,Speaker,Electronics,North,REP012,42,2000,20,67200.0,Repeat,10,943748.66
ORD00085,2024-02-13,Feb-2024,2024,2,Speaker,Accessories,North,REP007,37,12000,0,444000.0,New,2,892079.29
ORD00086,2023-01-30,Jan-2023,2023,1,Monitor,Electronics,East,REP012,44,35000,0,1540000.0,Repeat,5,8563977.67
ORD00087,2023-11-29,Nov-2023,2023,11,Monitor,Accessories,East,REP006,14,1500,20,16800.0,Repeat,11,189478.55
ORD00088,2023-12-23,Dec-2023,2023,12,Tablet,Electronics,West,REP003,22,35000,10,693000.0,Repeat,12,11339772.23
ORD00089,2023-11-21,Nov-2023,2023,11,Camera,Accessories,North,REP003,41,45000,0,1845000.0,Repeat,8,18415055.74
ORD00090,2023-07-27,Jul-2023,2023,7,Camera,Electronics,West,REP012,22,2000,0,44000.0,Repeat,3,135423.0
ORD00091,2023-07-14,Jul-2023,2023,7,Mouse,Wearables,East,REP017,45,1500,0,67500.0,Repeat,9,561655.42
ORD00092,2024-12-13,Dec-2024,2024,12,Mobile,Accessories,South,REP003,6,800,15,4080.0,Repeat,5,18401.53
ORD00093,2024-06-29,Jun-2024,2024,6,Smart Watch,Electronics,West,REP005,25,8000,20,160000.0,New,10,1918519.6
ORD00094,2023-11-28,Nov-2023,2023,11,Headphones,Wearables,West,REP002,16,1500,0,24000.0,New,1,27507.48
ORD00095,2023-08-13,Aug-2023,2023,8,Headphones,Electronics,South,REP015,42,15000,0,630000.0,New,5,3057314.84
ORD00096,2024-09-18,Sep-2024,2024,9,Monitor,Wearables,West,REP014,36,1500,10,48600.0,Repeat,7,316467.86
ORD00097,2024-08-17,Aug-2024,2024,8,Speaker,Accessories,Central,REP013,48,25000,15,1020000.0,New,5,5619793.49
ORD00098,2023-08-29,Aug-2023,2023,8,Smart Watch,Electronics,Central,REP012,5,12000,0,60000.0,Repeat,9,650846.3
ORD00099,2024-06-03,Jun-2024,2024,6,Monitor,Wearables,Central,REP011,7,800,0,5600.0,New,12,86788.88
ORD00100,2023-08-18,Aug-2023,2023,8,Monitor,Electronics,East,REP019,4,2000,10,7200.0,Repeat,8,69911.66
ORD00101,2023-06-25,Jun-2023,2023,6,Laptop,Wearables,Central,REP015,36,5000,0,180000.0,Repeat,12,1951594.75
ORD00102,2023-12-29,Dec-2023,2023,12,Mobile,Electronics,East,REP019,17,5000,15,72250.0,Repeat,8,636713.83
ORD00103,2024-02-10,Feb-2024,2024,2,Headphones,Wearables,West,REP010,35,25000,0,875000.0,Repeat,10,11890300.12
ORD00104,2024-02-21,Feb-2024,2024,2,Tablet,Wearables,Central,REP019,21,5000,10,94500.0,New,12,1506095.37
ORD00105,2023-05-03,May-2023,2023,5,Mobile,Wearables,Central,REP003,34,45000,15,1300500.0,Repeat,12,14610856.49
ORD00106,2023-07-03,Jul-2023,2023,7,Tablet,Wearables,North,REP016,47,8000,0,376000.0,New,2,1099651.85
ORD00107,2024-12-18,Dec-2024,2024,12,Speaker,Accessories,West,REP013,45,2000,0,90000.0,New,3,234118.16
ORD00108,2023-07-01,Jul-2023,2023,7,Speaker,Wearables,East,REP016,6,12000,0,72000.0,Repeat,4,276090.67
ORD00109,2024-10-10,Oct-2024,2024,10,Mobile,Electronics,East,REP015,49,8000,10,352800.0,New,1,499392.24
ORD00110,2024-07-24,Jul-2024,2024,7,Laptop,Accessories,East,REP004,11,5000,10,49500.0,New,1,50925.69
ORD00111,2023-01-29,Jan-2023,2023,1,Mouse,Electronics,Central,REP012,5,12000,0,60000.0,Repeat,8,445080.33
ORD00112,2023-12-20,Dec-2023,2023,12,Mobile,Electronics,South,REP020,24,800,0,19200.0,Repeat,12,320758.53
ORD00113,2024-06-03,Jun-2024,2024,6,Tablet,Electronics,West,REP001,40,5000,10,180000.0,New,5,1309070.48
ORD00114,2023-12-24,Dec-2023,2023,12,Tablet,Wearables,Central,REP017,11,8000,5,83600.0,Repeat,10,759653.83
ORD00115,2023-12-12,Dec-2023,2023,12,Monitor,Accessories,Central,REP013,29,8000,15,197200.0,Repeat,2,408930.0
ORD00116,2023-05-25,May-2023,2023,5,Headphones,Wearables,West,REP007,26,5000,0,130000.0,New,8,1422340.56
ORD00117,2024-12-25,Dec-2024,2024,12,Mouse,Wearables,North,REP017,6,35000,10,189000.0,Repeat,10,2441018.42
ORD00118,2024-02-08,Feb-2024,2024,2,Keyboard,Accessories,South,REP010,21,12000,5,239400.0,Repeat,5,1748784.8
ORD00119,2024-02-18,Feb-2024,2024,2,Speaker,Wearables,West,REP003,32,5000,5,152000.0,New,6,1087903.91
ORD00120,2024-02-03,Feb-2024,2024,2,Camera,Accessories,West,REP010,50,5000,10,225000.0,New,4,1316471.31
ORD00121,2024-08-24,Aug-2024,2024,8,Mouse,Accessories,Central,REP006,42,35000,15,1249500.0,New,9,9216521.35
ORD00122,2024-01-30,Jan-2024,2024,1,Headphones,Wearables,East,REP018,4,45000,15,153000.0,Repeat,9,1920163.93
ORD00123,2024-01-15,Jan-2024,2024,1,Laptop,Accessories,South,REP004,30,12000,0,360000.0,New,2,935873.43
ORD00124,2023-07-31,Jul-2023,2023,7,Mouse,Electronics,Central,REP001,3,45000,0,135000.0,New,5,542239.08
ORD00125,2024-11-06,Nov-2024,2024,11,Smart Watch,Wearables,South,REP013,15,35000,20,420000.0,Repeat,1,381843.12
ORD00126,2023-09-10,Sep-2023,2023,9,Mouse,Wearables,East,REP014,44,800,15,29920.0,New,4,174516.29
ORD00127,2023-10-07,Oct-2023,2023,10,Speaker,Electronics,North,REP014,27,45000,0,1215000.0,Repeat,8,9500306.99
ORD00128,2024-10-03,Oct-2024,2024,10,Speaker,Accessories,North,REP015,9,15000,0,135000.0,New,2,246036.6
ORD00129,2023-03-10,Mar-2023,2023,3,Tablet,Accessories,Central,REP011,11,25000,15,233750.0,Repeat,5,1373727.78
ORD00130,2024-08-06,Aug-2024,2024,8,Camera,Wearables,North,REP004,26,15000,0,390000.0,Repeat,8,2934521.37
ORD00131,2023-02-06,Feb-2023,2023,2,Monitor,Wearables,West,REP004,8,15000,0,120000.0,Repeat,3,309069.22
ORD00132,2023-03-11,Mar-2023,2023,3,Headphones,Electronics,West,REP020,24,2000,15,40800.0,Repeat,8,397522.9
ORD00133,2024-11-09,Nov-2024,2024,11,Keyboard,Accessories,South,REP007,47,35000,0,1645000.0,Repeat,1,2408300.71
ORD00134,2023-09-14,Sep-2023,2023,9,Tablet,Wearables,East,REP015,13,5000,5,61750.0,Repeat,3,270979.05
ORD00135,2023-03-07,Mar-2023,2023,3,Headphones,Wearables,South,REP007,22,2000,0,44000.0,Repeat,2,122354.81
ORD00136,2024-06-25,Jun-2024,2024,6,Camera,Accessories,Central,REP006,10,1500,0,15000.0,New,2,38380.02
ORD00137,2024-06-14,Jun-2024,2024,6,Keyboard,Electronics,North,REP020,47,12000,15,479400.0,New,6,2378498.08
ORD00138,2024-12-01,Dec-2024,2024,12,Headphones,Electronics,North,REP013,1,800,0,800.0,Repeat,10,7070.0
ORD00139,2024-10-05,Oct-2024,2024,10,Laptop,Accessories,Central,REP018,5,5000,15,21250.0,Repeat,10,265912.54
ORD00140,2024-12-03,Dec-2024,2024,12,Mouse,Wearables,West,REP015,48,15000,15,612000.0,Repeat,10,5967181.27
ORD00141,2024-04-10,Apr-2024,2024,4,Monitor,Electronics,South,REP015,35,35000,0,1225000.0,Repeat,5,7631537.16
ORD00142,2024-02-02,Feb-2024,2024,2,Camera,Accessories,South,REP012,48,5000,5,228000.0,New,3,567575.28
ORD00143,2024-12-28,Dec-2024,2024,12,Keyboard,Accessories,South,REP013,9,35000,0,315000.0,Repeat,7,3127870.24
ORD00144,2024-04-08,Apr-2024,2024,4,Monitor,Electronics,West,REP015,24,35000,0,840000.0,Repeat,3,3291914.8
ORD00145,2023-09-09,Sep-2023,2023,9,Headphones,Accessories,South,REP019,13,800,0,10400.0,Repeat,9,131386.98
ORD00146,2024-01-19,Jan-2024,2024,1,Camera,Wearables,South,REP013,10,2000,0,20000.0,Repeat,11,245657.25
ORD00147,2024-02-27,Feb-2024,2024,2,Laptop,Accessories,South,REP007,22,1500,0,33000.0,Repeat,9,327367.86
ORD00148,2023-01-25,Jan-2023,2023,1,Headphones,Wearables,West,REP019,43,12000,0,516000.0,Repeat,3,1933245.65
ORD00149,2023-07-22,Jul-2023,2023,7,Tablet,Wearables,West,REP011,30,15000,20,360000.0,Repeat,8,2941488.64
ORD00150,2024-06-27,Jun-2024,2024,6,Laptop,Accessories,North,REP003,6,5000,0,30000.0,New,6,251427.72
ORD00151,2024-01-01,Jan-2024,2024,1,Headphones,Accessories,South,REP007,20,8000,0,160000.0,Repeat,6,1160077.41
ORD00152,2024-05-01,May-2024,2024,5,Smart Watch,Electronics,South,REP010,20,8000,20,128000.0,Repeat,3,549339.63
ORD00153,2023-06-17,Jun-2023,2023,6,Speaker,Wearables,North,REP018,40,45000,0,1800000.0,Repeat,9,20089259.44
ORD00154,2023-10-15,Oct-2023,2023,10,Headphones,Accessories,North,REP005,29,8000,20,185600.0,New,3,788519.15
ORD00155,2024-01-24,Jan-2024,2024,1,Monitor,Electronics,South,REP001,38,35000,5,1263500.0,Repeat,10,11716227.85
ORD00156,2024-05-18,May-2024,2024,5,Mouse,Wearables,East,REP011,6,35000,0,210000.0,Repeat,3,779197.71
ORD00157,2024-02-08,Feb-2024,2024,2,Tablet,Accessories,North,REP007,41,35000,0,1435000.0,New,6,10521151.29
ORD00158,2023-01-17,Jan-2023,2023,1,Mouse,Wearables,Central,REP014,11,35000,20,308000.0,New,4,1428375.82
ORD00159,2023-01-25,Jan-2023,2023,1,Monitor,Accessories,East,REP006,4,15000,15,51000.0,New,5,284134.2
ORD00160,2023-12-12,Dec-2023,2023,12,Laptop,Wearables,East,REP015,43,8000,0,344000.0,Repeat,1,306660.49
ORD00161,2023-01-11,Jan-2023,2023,1,Mouse,Wearables,North,REP010,25,15000,5,356250.0,Repeat,7,2057813.1
ORD00162,2023-10-04,Oct-2023,2023,10,Speaker,Wearables,East,REP012,33,45000,5,1410750.0,New,3,6179230.5
ORD00163,2023-09-25,Sep-2023,2023,9,Keyboard,Wearables,South,REP016,19,25000,0,475000.0,Repeat,11,4490138.82
ORD00164,2023-11-23,Nov-2023,2023,11,Keyboard,Electronics,North,REP001,9,8000,0,72000.0,New,3,229256.31
ORD00165,2024-08-08,Aug-2024,2024,8,Headphones,Wearables,North,REP003,1,5000,15,4250.0,New,10,36093.89
ORD00166,2024-10-03,Oct-2024,2024,10,Monitor,Electronics,East,REP004,40,8000,0,320000.0,Repeat,4,1846529.95
ORD00167,2023-07-10,Jul-2023,2023,7,Mobile,Accessories,North,REP001,28,15000,0,420000.0,New,12,4312165.38
ORD00168,2024-10-02,Oct-2024,2024,10,Keyboard,Wearables,South,REP016,13,2000,10,23400.0,Repeat,8,187507.84
ORD00169,2024-08-29,Aug-2024,2024,8,Laptop,Wearables,West,REP006,33,5000,0,165000.0,Repeat,4,649626.86
ORD00170,2024-08-12,Aug-2024,2024,8,Headphones,Wearables,North,REP003,13,12000,20,124800.0,New,4,456117.29
ORD00171,2024-08-29,Aug-2024,2024,8,Camera,Wearables,Central,REP014,33,25000,0,825000.0,Repeat,5,5680653.0
ORD00172,2023-09-04,Sep-2023,2023,9,Keyboard,Wearables,North,REP009,19,12000,0,228000.0,New,2,522460.24
ORD00173,2023-03-03,Mar-2023,2023,3,Mouse,Accessories,West,REP003,44,2000,0,88000.0,New,6,639776.04
ORD00174,2024-12-15,Dec-2024,2024,12,Mouse,Accessories,North,REP019,17,35000,5,565250.0,New,12,9276944.67
ORD00175,2024-05-26,May-2024,2024,5,Camera,Accessories,West,REP011,35,15000,0,525000.0,Repeat,3,1307076.18
ORD00176,2024-02-24,Feb-2024,2024,2,Monitor,Wearables,West,REP011,26,2000,20,41600.0,Repeat,8,301809.46
ORD00177,2024-01-30,Jan-2024,2024,1,Speaker,Accessories,North,REP005,21,45000,20,756000.0,Repeat,7,5588336.31
ORD00178,2024-11-08,Nov-2024,2024,11,Tablet,Accessories,South,REP019,12,15000,0,180000.0,New,7,1424558.21
ORD00179,2023-12-12,Dec-2023,2023,12,Headphones,Accessories,North,REP016,26,12000,0,312000.0,Repeat,5,1496691.31
ORD00180,2024-09-13,Sep-2024,2024,9,Monitor,Electronics,West,REP014,11,2000,15,18700.0,New,6,165271.45
ORD00181,2023-11-28,Nov-2023,2023,11,Monitor,Electronics,Central,REP010,10,15000,10,135000.0,Repeat,4,589378.57
ORD00182,2023-11-12,Nov-2023,2023,11,Tablet,Wearables,East,REP010,44,800,5,33440.0,Repeat,2,81552.21
ORD00183,2023-10-16,Oct-2023,2023,10,Smart Watch,Accessories,East,REP005,24,800,5,18240.0,New,1,20300.29
ORD00184,2023-09-10,Sep-2023,2023,9,Headphones,Accessories,East,REP008,21,2000,20,33600.0,New,9,314051.51
ORD00185,2024-12-16,Dec-2024,2024,12,Headphones,Electronics,South,REP011,41,800,0,32800.0,Repeat,10,316819.3
ORD00186,2024-05-15,May-2024,2024,5,Mouse,Electronics,West,REP001,21,1500,0,31500.0,Repeat,3,116851.6
ORD00187,2024-06-25,Jun-2024,2024,6,Monitor,Accessories,West,REP020,47,25000,0,1175000.0,Repeat,7,11056071.75
ORD00188,2024-12-29,Dec-2024,2024,12,Tablet,Wearables,East,REP002,31,15000,0,465000.0,New,6,2927597.62
ORD00189,2024-05-09,May-2024,2024,5,Keyboard,Wearables,South,REP009,21,2000,0,42000.0,Repeat,9,355335.44
ORD00190,2023-07-12,Jul-2023,2023,7,Mouse,Accessories,Central,REP004,19,5000,15,80750.0,Repeat,9,987794.2
ORD00191,2023-09-12,Sep-2023,2023,9,Speaker,Wearables,West,REP001,20,25000,0,500000.0,Repeat,5,2044246.47
ORD00192,2024-10-21,Oct-2024,2024,10,Speaker,Accessories,North,REP012,30,12000,5,342000.0,Repeat,9,2800625.7
ORD00193,2023-11-18,Nov-2023,2023,11,Mobile,Wearables,East,REP015,18,15000,15,229500.0,Repeat,8,1834777.12
ORD00194,2023-05-12,May-2023,2023,5,Smart Watch,Wearables,North,REP004,4,35000,10,126000.0,Repeat,6,679815.6
ORD00195,2024-01-20,Jan-2024,2024,1,Keyboard,Electronics,North,REP014,42,35000,5,1396500.0,Repeat,6,10299110.19
ORD00196,2024-10-21,Oct-2024,2024,10,Camera,Wearables,East,REP019,49,800,0,39200.0,Repeat,1,51192.99
ORD00197,2023-05-16,May-2023,2023,5,Monitor,Electronics,North,REP003,9,12000,0,108000.0,Repeat,3,472419.85
ORD00198,2023-04-05,Apr-2023,2023,4,Smart Watch,Electronics,East,REP011,6,45000,0,270000.0,New,8,2333646.53
ORD00199,2024-06-21,Jun-2024,2024,6,Speaker,Accessories,West,REP005,36,8000,20,230400.0,Repeat,8,1679786.16
ORD00200,2023-08-21,Aug-2023,2023,8,Headphones,Electronics,North,REP018,2,5000,15,8500.0,Repeat,8,56417.99
ORD00201,2023-08-27,Aug-2023,2023,8,Tablet,Accessories,South,REP017,21,35000,5,698250.0,Repeat,1,807995.95
ORD00202,2024-05-19,May-2024,2024,5,Laptop,Wearables,West,REP018,5,5000,0,25000.0,Repeat,1,23654.64
ORD00203,2024-05-18,May-2024,2024,5,Laptop,Wearables,East,REP003,38,35000,10,1197000.0,Repeat,7,7951208.74
ORD00204,2023-01-08,Jan-2023,2023,1,Mouse,Wearables,East,REP009,36,35000,10,1134000.0,Repeat,3,4709645.93
ORD00205,2023-09-20,Sep-2023,2023,9,Smart Watch,Wearables,South,REP011,17,45000,0,765000.0,New,8,5019454.08
ORD00206,2024-10-29,Oct-2024,2024,10,Keyboard,Electronics,West,REP007,12,8000,0,96000.0,Repeat,2,253434.12
ORD00207,2023-07-24,Jul-2023,2023,7,Mouse,Electronics,East,REP007,38,25000,0,950000.0,Repeat,1,1190807.01
ORD00208,2024-08-03,Aug-2024,2024,8,Camera,Electronics,South,REP017,2,25000,0,50000.0,Repeat,3,210337.59
ORD00209,2024-05-26,May-2024,2024,5,Speaker,Wearables,East,REP015,26,800,20,16640.0,Repeat,8,151240.68
ORD00210,2023-10-20,Oct-2023,2023,10,Headphones,Electronics,North,REP020,7,5000,20,28000.0,New,10,233805.5
ORD00211,2023-10-08,Oct-2023,2023,10,Laptop,Wearables,East,REP015,25,800,0,20000.0,New,1,21152.7
ORD00212,2023-07-15,Jul-2023,2023,7,Speaker,Electronics,East,REP003,18,45000,15,688500.0,New,5,4610576.67
ORD00213,2023-11-06,Nov-2023,2023,11,Tablet,Electronics,East,REP015,14,8000,15,95200.0,New,8,702352.78
ORD00214,2023-03-30,Mar-2023,2023,3,Headphones,Accessories,West,REP019,45,1500,0,67500.0,New,1,87210.93
ORD00215,2023-03-06,Mar-2023,2023,3,Tablet,Accessories,South,REP003,26,45000,0,1170000.0,New,8,10321658.26
ORD00216,2024-02-27,Feb-2024,2024,2,Tablet,Accessories,North,REP019,3,8000,20,19200.0,New,12,229731.38
ORD00217,2023-07-27,Jul-2023,2023,7,Camera,Electronics,North,REP009,13,15000,15,165750.0,Repeat,1,248142.04
ORD00218,2024-07-30,Jul-2024,2024,7,Speaker,Accessories,Central,REP016,15,5000,0,75000.0,New,2,182795.15
ORD00219,2024-04-28,Apr-2024,2024,4,Keyboard,Wearables,South,REP012,43,35000,15,1279250.0,Repeat,9,10384801.68
ORD00220,2024-10-16,Oct-2024,2024,10,Smart Watch,Electronics,West,REP006,38,45000,0,1710000.0,Repeat,6,13718844.04
ORD00221,2024-11-19,Nov-2024,2024,11,Monitor,Accessories,Central,REP014,24,45000,0,1080000.0,Repeat,5,7664439.47
ORD00222,2024-01-03,Jan-2024,2024,1,Monitor,Wearables,West,REP018,44,12000,0,528000.0,New,9,6856228.74
ORD00223,2023-05-29,May-2023,2023,5,Mouse,Electronics,East,REP018,41,12000,20,393600.0,Repeat,3,1752380.86
ORD00224,2024-12-10,Dec-2024,2024,12,Speaker,Electronics,North,REP014,8,1500,10,10800.0,New,9,84823.59
ORD00225,2023-09-18,Sep-2023,2023,9,Keyboard,Accessories,South,REP008,44,35000,5,1463000.0,New,6,11519354.38
ORD00226,2024-07-15,Jul-2024,2024,7,Speaker,Electronics,Central,REP013,15,800,0,12000.0,Repeat,12,190957.8
ORD00227,2023-08-20,Aug-2023,2023,8,Monitor,Electronics,South,REP007,46,5000,20,184000.0,Repeat,2,421964.27
ORD00228,2024-12-12,Dec-2024,2024,12,Camera,Electronics,South,REP013,20,15000,10,270000.0,New,4,881770.24
ORD00229,2023-10-30,Oct-2023,2023,10,Mobile,Accessories,South,REP006,50,8000,0,400000.0,New,8,4690268.35
ORD00230,2024-01-02,Jan-2024,2024,1,Speaker,Wearables,North,REP020,20,35000,5,665000.0,New,4,2693650.67
ORD00231,2024-08-26,Aug-2024,2024,8,Monitor,Accessories,Central,REP019,3,2000,0,6000.0,Repeat,6,37657.72
ORD00232,2024-12-18,Dec-2024,2024,12,Monitor,Wearables,West,REP018,50,8000,5,380000.0,Repeat,10,5382491.09
ORD00233,2024-05-17,May-2024,2024,5,Laptop,Electronics,West,REP002,32,8000,5,243200.0,New,9,1892073.55
ORD00234,2024-10-08,Oct-2024,2024,10,Mobile,Accessories,West,REP013,48,35000,0,1680000.0,Repeat,8,11075090.95
ORD00235,2024-07-19,Jul-2024,2024,7,Monitor,Electronics,South,REP020,27,8000,0,216000.0,Repeat,10,3032427.63
ORD00236,2024-06-02,Jun-2024,2024,6,Monitor,Wearables,North,REP017,12,2000,0,24000.0,Repeat,7,228633.78
ORD00237,2024-10-31,Oct-2024,2024,10,Laptop,Electronics,East,REP019,8,1500,5,11400.0,Repeat,8,91689.98
ORD00238,2023-02-10,Feb-2023,2023,2,Camera,Accessories,Central,REP011,28,8000,15,190400.0,Repeat,2,357718.25
ORD00239,2023-09-13,Sep-2023,2023,9,Laptop,Wearables,West,REP006,50,45000,0,2250000.0,New,3,6455672.02
ORD00240,2024-08-20,Aug-2024,2024,8,Monitor,Wearables,South,REP015,45,8000,0,360000.0,Repeat,3,963791.25
ORD00241,2024-07-30,Jul-2024,2024,7,Laptop,Wearables,West,REP016,24,45000,0,1080000.0,Repeat,12,13709111.44
ORD00242,2023-04-19,Apr-2023,2023,4,Speaker,Accessories,West,REP002,18,45000,10,729000.0,Repeat,2,1232917.95
ORD00243,2024-11-11,Nov-2024,2024,11,Smart Watch,Wearables,West,REP013,33,15000,0,495000.0,New,1,452131.38
ORD00244,2023-07-11,Jul-2023,2023,7,Headphones,Wearables,West,REP018,24,1500,0,36000.0,Repeat,2,106531.61
ORD00245,2023-07-09,Jul-2023,2023,7,Mouse,Wearables,West,REP004,36,5000,0,180000.0,Repeat,3,545529.69
ORD00246,2024-12-19,Dec-2024,2024,12,Speaker,Accessories,North,REP012,4,1500,20,4800.0,New,2,11205.06
ORD00247,2024-08-22,Aug-2024,2024,8,Keyboard,Accessories,North,REP010,9,35000,0,315000.0,Repeat,4,1174404.3
ORD00248,2024-05-04,May-2024,2024,5,Monitor,Electronics,South,REP004,12,45000,10,486000.0,Repeat,2,877014.87
ORD00249,2024-06-06,Jun-2024,2024,6,Tablet,Accessories,North,REP016,33,8000,10,237600.0,Repeat,4,1177411.27
ORD00250,2024-10-02,Oct-2024,2024,10,Smart Watch,Accessories,South,REP009,27,5000,20,108000.0,Repeat,1,152222.56
ORD00251,2023-01-29,Jan-2023,2023,1,Headphones,Accessories,East,REP013,29,800,20,18560.0,Repeat,12,319660.11
ORD00252,2024-09-21,Sep-2024,2024,9,Keyboard,Accessories,West,REP006,16,800,10,11520.0,New,8,123602.17
ORD00253,2024-09-06,Sep-2024,2024,9,Laptop,Accessories,West,REP003,36,8000,15,244800.0,Repeat,11,2229541.42
ORD00254,2024-02-07,Feb-2024,2024,2,Camera,Accessories,West,REP011,20,1500,10,27000.0,New,5,188833.31
ORD00255,2024-06-07,Jun-2024,2024,6,Monitor,Wearables,West,REP019,45,1500,15,57375.0,Repeat,10,724477.67
ORD00256,2023-05-21,May-2023,2023,5,Monitor,Electronics,East,REP003,45,2000,0,90000.0,Repeat,9,997479.9
ORD00257,2023-09-15,Sep-2023,2023,9,Camera,Wearables,East,REP010,39,1500,0,58500.0,New,6,503703.37
ORD00258,2023-07-15,Jul-2023,2023,7,Smart Watch,Accessories,East,REP007,22,1500,15,28050.0,Repeat,5,138109.38
ORD00259,2024-11-16,Nov-2024,2024,11,Headphones,Accessories,Central,REP005,50,25000,0,1250000.0,New,12,17699147.14
ORD00260,2023-07-29,Jul-2023,2023,7,Monitor,Wearables,Central,REP017,12,8000,15,81600.0,New,11,873292.09
ORD00261,2024-10-10,Oct-2024,2024,10,Smart Watch,Wearables,South,REP016,24,15000,5,342000.0,Repeat,12,4060983.29
ORD00262,2024-04-15,Apr-2024,2024,4,Keyboard,Wearables,East,REP005,17,800,0,13600.0,New,2,40162.42
ORD00263,2024-02-07,Feb-2024,2024,2,Laptop,Wearables,North,REP007,17,2000,5,32300.0,Repeat,10,444063.88
ORD00264,2024-08-04,Aug-2024,2024,8,Speaker,Accessories,South,REP009,4,45000,15,153000.0,Repeat,10,1339752.8
ORD00265,2024-02-01,Feb-2024,2024,2,Smart Watch,Accessories,North,REP005,12,8000,0,96000.0,New,1,133730.14
ORD00266,2023-04-21,Apr-2023,2023,4,Keyboard,Wearables,Central,REP009,9,8000,15,61200.0,Repeat,4,202683.67
ORD00267,2024-08-03,Aug-2024,2024,8,Laptop,Electronics,North,REP004,22,800,15,14960.0,New,5,82344.47
ORD00268,2023-08-14,Aug-2023,2023,8,Mouse,Wearables,Central,REP019,49,25000,10,1102500.0,New,4,3996306.84
ORD00269,2024-08-21,Aug-2024,2024,8,Smart Watch,Electronics,South,REP006,25,15000,10,337500.0,Repeat,1,495494.32
ORD00270,2024-08-07,Aug-2024,2024,8,Mouse,Wearables,East,REP016,8,8000,0,64000.0,Repeat,4,248170.79
ORD00271,2023-06-19,Jun-2023,2023,6,Tablet,Wearables,South,REP009,7,5000,0,35000.0,New,7,295407.84
ORD00272,2024-01-31,Jan-2024,2024,1,Monitor,Accessories,South,REP008,7,8000,5,53200.0,Repeat,8,385282.86
ORD00273,2024-09-21,Sep-2024,2024,9,Speaker,Wearables,North,REP018,49,25000,0,1225000.0,Repeat,7,11599500.51
ORD00274,2023-12-17,Dec-2023,2023,12,Smart Watch,Electronics,North,REP016,33,800,5,25080.0,Repeat,10,236712.24
ORD00275,2024-12-21,Dec-2024,2024,12,Mobile,Accessories,Central,REP013,11,45000,0,495000.0,Repeat,6,3110438.95
ORD00276,2023-09-12,Sep-2023,2023,9,Camera,Electronics,South,REP013,39,2000,0,78000.0,Repeat,4,390572.23
ORD00277,2024-04-08,Apr-2024,2024,4,Laptop,Accessories,West,REP019,23,35000,5,764750.0,New,8,6762863.47
ORD00278,2024-03-10,Mar-2024,2024,3,Mobile,Electronics,West,REP009,23,15000,0,345000.0,New,5,1957825.88
ORD00279,2023-08-13,Aug-2023,2023,8,Mouse,Electronics,Central,REP020,34,15000,20,408000.0,New,7,3013652.02
ORD00280,2023-04-03,Apr-2023,2023,4,Tablet,Accessories,North,REP020,45,1500,0,67500.0,New,2,157636.49
ORD00281,2024-04-08,Apr-2024,2024,4,Tablet,Electronics,East,REP005,28,25000,20,560000.0,Repeat,4,2434040.14
ORD00282,2024-06-17,Jun-2024,2024,6,Mobile,Accessories,South,REP003,40,5000,10,180000.0,Repeat,5,1065201.29
ORD00283,2023-06-21,Jun-2023,2023,6,Headphones,Electronics,North,REP007,39,8000,0,312000.0,New,5,2140480.42
ORD00284,2024-06-30,Jun-2024,2024,6,Mobile,Electronics,West,REP018,49,35000,15,1457750.0,Repeat,3,5132271.88
ORD00285,2023-09-09,Sep-2023,2023,9,Laptop,Electronics,East,REP006,50,25000,10,1125000.0,New,9,11675712.83
ORD00286,2024-02-08,Feb-2024,2024,2,Tablet,Accessories,South,REP002,31,12000,20,297600.0,Repeat,4,1670347.62
ORD00287,2024-08-10,Aug-2024,2024,8,Camera,Wearables,West,REP008,30,12000,15,306000.0,New,12,3575611.32
ORD00288,2024-09-12,Sep-2024,2024,9,Laptop,Wearables,North,REP013,9,5000,0,45000.0,Repeat,9,550470.59
ORD00289,2024-02-09,Feb-2024,2024,2,Keyboard,Wearables,Central,REP013,34,2000,15,57800.0,Repeat,6,468342.75
ORD00290,2024-02-19,Feb-2024,2024,2,Camera,Electronics,Central,REP014,11,1500,20,13200.0,Repeat,3,53990.13
ORD00291,2023-03-17,Mar-2023,2023,3,Mouse,Electronics,East,REP010,8,800,5,6080.0,Repeat,7,42971.24
ORD00292,2023-11-19,Nov-2023,2023,11,Monitor,Wearables,South,REP001,14,45000,20,504000.0,Repeat,8,5667532.52
ORD00293,2023-05-24,May-2023,2023,5,Camera,Accessories,West,REP008,10,5000,0,50000.0,Repeat,5,285185.77
ORD00294,2024-12-30,Dec-2024,2024,12,Monitor,Wearables,East,REP007,30,12000,5,342000.0,New,4,2001941.87
ORD00295,2023-04-14,Apr-2023,2023,4,Camera,Accessories,East,REP002,23,2000,5,43700.0,Repeat,2,106520.11
ORD00296,2024-06-08,Jun-2024,2024,6,Keyboard,Wearables,West,REP002,31,8000,0,248000.0,New,4,1009101.33
ORD00297,2023-06-19,Jun-2023,2023,6,Laptop,Wearables,North,REP005,48,1500,0,72000.0,New,1,83279.14
ORD00298,2024-06-17,Jun-2024,2024,6,Smart Watch,Accessories,North,REP015,26,35000,20,728000.0,Repeat,8,6073546.89
ORD00299,2023-10-19,Oct-2023,2023,10,Smart Watch,Electronics,North,REP017,38,8000,5,288800.0,Repeat,7,2697921.74
ORD00300,2024-11-13,Nov-2024,2024,11,Keyboard,Accessories,Central,REP017,5,12000,20,48000.0,Repeat,6,363580.24
ORD00301,2024-10-12,Oct-2024,2024,10,Camera,Electronics,South,REP005,49,15000,0,735000.0,Repeat,7,5109149.02
ORD00302,2023-02-12,Feb-2023,2023,2,Laptop,Electronics,East,REP001,9,15000,5,128250.0,Repeat,4,560356.23
ORD00303,2024-03-13,Mar-2024,2024,3,Keyboard,Accessories,Central,REP009,14,5000,0,70000.0,Repeat,1,69009.88
ORD00304,2023-03-09,Mar-2023,2023,3,Headphones,Accessories,West,REP006,44,2000,0,88000.0,New,11,1085829.22
ORD00305,2024-09-23,Sep-2024,2024,9,Smart Watch,Wearables,West,REP009,37,1500,10,49950.0,New,11,695306.47
ORD00306,2023-06-09,Jun-2023,2023,6,Mouse,Accessories,Central,REP009,39,15000,0,585000.0,New,7,4661654.54
ORD00307,2024-06-05,Jun-2024,2024,6,Camera,Wearables,West,REP013,4,800,0,3200.0,New,2,8811.83
ORD00308,2023-08-17,Aug-2023,2023,8,Headphones,Wearables,South,REP015,10,8000,15,68000.0,Repeat,9,645106.16
ORD00309,2024-02-14,Feb-2024,2024,2,Speaker,Wearables,Central,REP011,20,8000,0,160000.0,Repeat,10,1818914.51
ORD00310,2023-03-09,Mar-2023,2023,3,Smart Watch,Accessories,North,REP014,26,45000,0,1170000.0,Repeat,8,13898205.67
ORD00311,2024-01-15,Jan-2024,2024,1,Mobile,Electronics,East,REP008,32,2000,5,60800.0,Repeat,4,263561.28
ORD00312,2023-10-21,Oct-2023,2023,10,Headphones,Electronics,Central,REP006,22,12000,10,237600.0,New,10,2527573.0
ORD00313,2023-04-14,Apr-2023,2023,4,Mobile,Wearables,North,REP001,10,1500,5,14250.0,Repeat,2,41440.77
ORD00314,2024-10-25,Oct-2024,2024,10,Tablet,Accessories,North,REP001,31,12000,0,372000.0,Repeat,5,2768778.79
ORD00315,2024-11-26,Nov-2024,2024,11,Smart Watch,Wearables,Central,REP003,3,12000,0,36000.0,New,2,59562.69
ORD00316,2023-03-26,Mar-2023,2023,3,Laptop,Accessories,Central,REP001,13,12000,5,148200.0,Repeat,2,292585.69
ORD00317,2024-09-22,Sep-2024,2024,9,Keyboard,Electronics,North,REP020,19,12000,0,228000.0,Repeat,10,3184423.12
ORD00318,2024-10-20,Oct-2024,2024,10,Keyboard,Accessories,North,REP016,39,15000,15,497250.0,New,1,534730.43
ORD00319,2024-11-11,Nov-2024,2024,11,Tablet,Accessories,West,REP015,23,1500,0,34500.0,New,11,491057.9
ORD00320,2024-03-04,Mar-2024,2024,3,Headphones,Electronics,East,REP011,14,15000,5,199500.0,Repeat,12,2175316.13
ORD00321,2023-03-02,Mar-2023,2023,3,Mouse,Accessories,North,REP005,7,2000,0,14000.0,Repeat,12,143036.8
ORD00322,2024-12-05,Dec-2024,2024,12,Smart Watch,Wearables,Central,REP008,46,2000,5,87400.0,Repeat,2,253619.29
ORD00323,2024-11-18,Nov-2024,2024,11,Keyboard,Electronics,Central,REP010,46,15000,5,655500.0,New,6,3577345.38
ORD00324,2023-12-20,Dec-2023,2023,12,Mobile,Accessories,North,REP002,17,45000,0,765000.0,Repeat,8,7716283.36
ORD00325,2024-12-27,Dec-2024,2024,12,Smart Watch,Electronics,West,REP005,21,45000,15,803250.0,New,10,11307299.68
ORD00326,2023-01-08,Jan-2023,2023,1,Tablet,Electronics,East,REP014,6,2000,0,12000.0,Repeat,1,17027.44
ORD00327,2024-06-09,Jun-2024,2024,6,Mouse,Wearables,West,REP009,13,12000,5,148200.0,New,1,184075.75
ORD00328,2023-12-18,Dec-2023,2023,12,Mouse,Accessories,East,REP011,1,8000,5,7600.0,Repeat,4,28811.39
ORD00329,2024-11-27,Nov-2024,2024,11,Keyboard,Wearables,East,REP017,26,1500,10,35100.0,Repeat,10,329119.61
ORD00330,2023-02-10,Feb-2023,2023,2,Monitor,Electronics,Central,REP018,19,1500,20,22800.0,Repeat,1,22780.39
ORD00331,2024-02-22,Feb-2024,2024,2,Mouse,Wearables,North,REP016,27,2000,10,48600.0,Repeat,4,281134.02
ORD00332,2023-08-17,Aug-2023,2023,8,Monitor,Accessories,East,REP010,42,5000,20,168000.0,Repeat,11,2648306.52
ORD00333,2024-02-09,Feb-2024,2024,2,Camera,Accessories,North,REP017,15,5000,0,75000.0,Repeat,4,323365.84
ORD00334,2023-02-18,Feb-2023,2023,2,Mobile,Wearables,East,REP018,35,45000,0,1575000.0,Repeat,12,25632951.21
ORD00335,2023-11-10,Nov-2023,2023,11,Mouse,Electronics,North,REP016,38,15000,10,513000.0,Repeat,5,3451906.1
ORD00336,2024-02-03,Feb-2024,2024,2,Keyboard,Electronics,East,REP006,35,15000,0,525000.0,Repeat,2,1081649.5
ORD00337,2024-05-06,May-2024,2024,5,Laptop,Electronics,North,REP005,48,25000,0,1200000.0,New,11,12935534.57
ORD00338,2024-03-12,Mar-2024,2024,3,Headphones,Electronics,South,REP012,7,25000,0,175000.0,Repeat,12,2486560.58
ORD00339,2023-03-20,Mar-2023,2023,3,Tablet,Accessories,North,REP001,16,8000,20,102400.0,New,3,270139.25
ORD00340,2023-12-12,Dec-2023,2023,12,Mobile,Electronics,Central,REP018,30,1500,0,45000.0,Repeat,11,608877.82
ORD00341,2023-12-31,Dec-2023,2023,12,Mobile,Wearables,East,REP006,25,15000,10,337500.0,New,12,3291675.1
ORD00342,2023-03-30,Mar-2023,2023,3,Mobile,Wearables,South,REP005,22,12000,10,237600.0,Repeat,4,1078783.12
ORD00343,2023-12-26,Dec-2023,2023,12,Laptop,Electronics,East,REP013,49,45000,0,2205000.0,Repeat,7,14642443.41
ORD00344,2024-09-27,Sep-2024,2024,9,Monitor,Accessories,Central,REP003,48,15000,20,576000.0,Repeat,9,6944420.62
ORD00345,2023-11-26,Nov-2023,2023,11,Smart Watch,Wearables,South,REP002,3,2000,0,6000.0,New,10,62927.7
ORD00346,2024-01-17,Jan-2024,2024,1,Smart Watch,Wearables,West,REP001,21,2000,0,42000.0,Repeat,2,102165.33
ORD00347,2023-04-30,Apr-2023,2023,4,Mouse,Electronics,South,REP016,32,1500,10,43200.0,New,2,106916.77
ORD00348,2024-10-15,Oct-2024,2024,10,Smart Watch,Accessories,South,REP010,35,45000,0,1575000.0,New,2,2641083.18
ORD00349,2024-11-11,Nov-2024,2024,11,Tablet,Accessories,East,REP013,10,25000,0,250000.0,Repeat,2,741295.34
ORD00350,2023-03-18,Mar-2023,2023,3,Monitor,Electronics,East,REP010,27,5000,0,135000.0,New,6,752768.08
ORD00351,2023-05-21,May-2023,2023,5,Keyboard,Accessories,Central,REP020,7,35000,0,245000.0,New,5,1638558.95
ORD00352,2023-05-07,May-2023,2023,5,Tablet,Wearables,Central,REP007,38,8000,0,304000.0,New,5,1547423.79
ORD00353,2024-07-08,Jul-2024,2024,7,Mobile,Accessories,Central,REP019,45,1500,0,67500.0,Repeat,11,748649.56
ORD00354,2023-02-11,Feb-2023,2023,2,Camera,Wearables,West,REP003,43,35000,0,1505000.0,New,3,3829276.63
ORD00355,2023-01-05,Jan-2023,2023,1,Mobile,Wearables,West,REP002,31,35000,5,1030750.0,Repeat,2,2030572.5
ORD00356,2024-07-28,Jul-2024,2024,7,Headphones,Wearables,North,REP011,11,12000,15,112200.0,Repeat,12,1893960.06
ORD00357,2023-01-18,Jan-2023,2023,1,Monitor,Accessories,South,REP005,11,1500,0,16500.0,Repeat,1,21070.3
ORD00358,2024-08-13,Aug-2024,2024,8,Headphones,Electronics,West,REP018,16,5000,5,76000.0,Repeat,10,962781.38
ORD00359,2024-06-24,Jun-2024,2024,6,Camera,Wearables,East,REP005,26,800,5,19760.0,Repeat,5,97668.95
ORD00360,2023-05-08,May-2023,2023,5,Speaker,Accessories,East,REP020,32,5000,0,160000.0,Repeat,10,1494104.73
ORD00361,2024-12-08,Dec-2024,2024,12,Tablet,Electronics,Central,REP006,42,800,0,33600.0,Repeat,3,130812.97
ORD00362,2023-09-13,Sep-2023,2023,9,Laptop,Electronics,North,REP013,9,15000,0,135000.0,New,10,1082662.69
ORD00363,2023-04-24,Apr-2023,2023,4,Laptop,Electronics,West,REP004,22,15000,5,313500.0,Repeat,3,1229252.26
ORD00364,2024-01-13,Jan-2024,2024,1,Smart Watch,Wearables,West,REP013,43,1500,15,54825.0,New,8,554471.02
ORD00365,2023-05-30,May-2023,2023,5,Headphones,Accessories,West,REP012,13,15000,5,185250.0,Repeat,5,1024632.17
ORD00366,2023-01-04,Jan-2023,2023,1,Speaker,Accessories,West,REP006,4,5000,15,17000.0,Repeat,9,153359.71
ORD00367,2023-04-24,Apr-2023,2023,4,Camera,Wearables,South,REP010,18,12000,5,205200.0,New,8,2216138.09
ORD00368,2023-03-08,Mar-2023,2023,3,Mouse,Accessories,West,REP012,20,15000,5,285000.0,Repeat,12,4804051.65
ORD00369,2024-02-04,Feb-2024,2024,2,Camera,Accessories,South,REP016,15,2000,0,30000.0,New,4,150198.51
ORD00370,2023-08-13,Aug-2023,2023,8,Keyboard,Electronics,Central,REP005,8,25000,15,170000.0,New,9,1496902.77
ORD00371,2023-10-06,Oct-2023,2023,10,Keyboard,Accessories,East,REP013,2,8000,10,14400.0,New,4,82318.63
ORD00372,2023-09-08,Sep-2023,2023,9,Keyboard,Electronics,Central,REP019,34,12000,15,346800.0,Repeat,9,2504324.74
ORD00373,2023-12-02,Dec-2023,2023,12,Keyboard,Accessories,West,REP019,22,5000,5,104500.0,Repeat,3,274602.92
ORD00374,2024-03-11,Mar-2024,2024,3,Camera,Electronics,East,REP019,13,45000,15,497250.0,Repeat,10,5941219.6
ORD00375,2024-01-25,Jan-2024,2024,1,Monitor,Electronics,Central,REP007,16,35000,0,560000.0,New,6,3796694.77
ORD00376,2024-06-29,Jun-2024,2024,6,Smart Watch,Electronics,West,REP008,28,1500,0,42000.0,New,2,100431.35
ORD00377,2023-08-25,Aug-2023,2023,8,Speaker,Wearables,North,REP007,30,45000,10,1215000.0,New,2,3102314.24
ORD00378,2024-03-27,Mar-2024,2024,3,Tablet,Wearables,South,REP007,14,35000,0,490000.0,New,5,1980061.78
ORD00379,2024-02-23,Feb-2024,2024,2,Mobile,Electronics,East,REP019,29,15000,0,435000.0,New,4,2137140.78
ORD00380,2023-09-14,Sep-2023,2023,9,Mouse,Wearables,Central,REP008,3,2000,15,5100.0,New,9,42086.92
ORD00381,2023-01-07,Jan-2023,2023,1,Monitor,Wearables,South,REP014,22,8000,0,176000.0,Repeat,10,1690533.61
ORD00382,2023-10-12,Oct-2023,2023,10,Laptop,Wearables,West,REP012,23,2000,10,41400.0,Repeat,1,54533.34
ORD00383,2024-08-08,Aug-2024,2024,8,Laptop,Electronics,East,REP007,12,12000,0,144000.0,New,12,1599392.04
ORD00384,2023-07-22,Jul-2023,2023,7,Tablet,Wearables,East,REP015,4,2000,0,8000.0,Repeat,3,19729.05
ORD00385,2023-07-29,Jul-2023,2023,7,Smart Watch,Electronics,East,REP014,10,8000,20,64000.0,Repeat,8,545106.07
ORD00386,2024-01-19,Jan-2024,2024,1,Laptop,Electronics,Central,REP006,44,45000,0,1980000.0,New,3,5632602.76
ORD00387,2024-03-01,Mar-2024,2024,3,Mobile,Wearables,West,REP008,45,12000,0,540000.0,Repeat,12,7701467.9
ORD00388,2024-06-27,Jun-2024,2024,6,Mouse,Electronics,Central,REP011,29,12000,20,278400.0,Repeat,9,3162973.32
ORD00389,2024-04-04,Apr-2024,2024,4,Speaker,Wearables,South,REP020,29,25000,0,725000.0,New,10,6886796.56
ORD00390,2023-01-21,Jan-2023,2023,1,Headphones,Wearables,West,REP010,25,1500,5,35625.0,New,10,313764.79
ORD00391,2023-05-10,May-2023,2023,5,Laptop,Wearables,South,REP018,8,1500,5,11400.0,Repeat,11,151290.54
ORD00392,2023-05-19,May-2023,2023,5,Laptop,Wearables,Central,REP006,35,15000,20,420000.0,Repeat,4,2411809.48
ORD00393,2024-09-13,Sep-2024,2024,9,Keyboard,Accessories,North,REP008,35,1500,0,52500.0,New,9,555800.11
ORD00394,2023-09-25,Sep-2023,2023,9,Smart Watch,Electronics,Central,REP005,12,5000,5,57000.0,Repeat,4,204698.1
ORD00395,2024-12-16,Dec-2024,2024,12,Mobile,Electronics,Central,REP005,40,2000,0,80000.0,Repeat,12,1193950.21
ORD00396,2023-11-26,Nov-2023,2023,11,Monitor,Wearables,South,REP009,22,5000,0,110000.0,New,1,147698.43
ORD00397,2023-01-25,Jan-2023,2023,1,Laptop,Electronics,North,REP011,11,800,0,8800.0,New,12,98556.0
ORD00398,2024-03-25,Mar-2024,2024,3,Keyboard,Wearables,East,REP002,41,800,0,32800.0,Repeat,6,200537.39
ORD00399,2023-04-28,Apr-2023,2023,4,Keyboard,Wearables,East,REP010,17,12000,0,204000.0,Repeat,3,746789.21
ORD00400,2024-07-06,Jul-2024,2024,7,Monitor,Electronics,East,REP016,34,8000,0,272000.0,Repeat,5,1565347.48
ORD00401,2023-11-18,Nov-2023,2023,11,Speaker,Electronics,West,REP002,33,45000,5,1410750.0,New,1,1720336.48
ORD00402,2024-11-08,Nov-2024,2024,11,Camera,Wearables,South,REP013,23,35000,0,805000.0,New,12,11216452.94
ORD00403,2023-06-03,Jun-2023,2023,6,Speaker,Accessories,West,REP019,8,15000,5,114000.0,Repeat,5,660161.35
ORD00404,2024-01-14,Jan-2024,2024,1,Laptop,Wearables,East,REP010,11,800,5,8360.0,New,9,97812.13
ORD00405,2024-04-26,Apr-2024,2024,4,Laptop,Accessories,West,REP007,16,45000,10,648000.0,Repeat,9,6543600.56
ORD00406,2023-01-18,Jan-2023,2023,1,Mouse,Accessories,Central,REP006,9,8000,0,72000.0,New,1,104378.19
ORD00407,2023-09-16,Sep-2023,2023,9,Keyboard,Accessories,North,REP018,34,5000,0,170000.0,New,11,1728275.6
ORD00408,2024-05-25,May-2024,2024,5,Headphones,Electronics,Central,REP007,25,15000,10,337500.0,New,7,2332873.32
ORD00409,2024-11-20,Nov-2024,2024,11,Mobile,Wearables,South,REP013,40,25000,15,850000.0,Repeat,9,9179956.39
ORD00410,2024-11-13,Nov-2024,2024,11,Camera,Wearables,West,REP010,11,5000,0,55000.0,Repeat,12,588295.79
ORD00411,2024-06-25,Jun-2024,2024,6,Speaker,Accessories,South,REP004,20,25000,0,500000.0,Repeat,1,687712.92
ORD00412,2024-10-08,Oct-2024,2024,10,Speaker,Electronics,South,REP012,49,35000,20,1372000.0,New,1,1276800.16
ORD00413,2024-11-22,Nov-2024,2024,11,Smart Watch,Electronics,East,REP018,44,12000,0,528000.0,Repeat,12,5171980.94
ORD00414,2024-04-26,Apr-2024,2024,4,Speaker,Electronics,East,REP014,18,25000,10,405000.0,Repeat,9,4205059.48
ORD00415,2023-08-20,Aug-2023,2023,8,Mobile,Electronics,East,REP008,36,1500,10,48600.0,Repeat,5,250796.86
ORD00416,2024-04-21,Apr-2024,2024,4,Mouse,Electronics,North,REP011,3,25000,15,63750.0,New,5,308286.07
ORD00417,2023-08-02,Aug-2023,2023,8,Smart Watch,Electronics,South,REP017,17,800,0,13600.0,New,7,124703.98
ORD00418,2023-04-15,Apr-2023,2023,4,Mobile,Electronics,North,REP020,30,1500,5,42750.0,New,9,320816.57
ORD00419,2023-09-04,Sep-2023,2023,9,Mouse,Electronics,North,REP007,32,15000,0,480000.0,Repeat,11,5417882.54
ORD00420,2023-02-10,Feb-2023,2023,2,Speaker,Accessories,North,REP003,6,800,20,3840.0,Repeat,8,40884.6
ORD00421,2024-02-03,Feb-2024,2024,2,Mobile,Electronics,West,REP017,27,1500,15,34425.0,Repeat,1,27797.17
ORD00422,2023-08-02,Aug-2023,2023,8,Laptop,Wearables,North,REP019,7,35000,20,196000.0,Repeat,2,464448.78
ORD00423,2024-06-20,Jun-2024,2024,6,Laptop,Wearables,South,REP013,22,2000,15,37400.0,Repeat,5,245060.29
ORD00424,2023-05-03,May-2023,2023,5,Speaker,Electronics,North,REP020,44,15000,5,627000.0,New,10,8492450.25
ORD00425,2023-03-01,Mar-2023,2023,3,Mobile,Accessories,East,REP020,5,8000,20,32000.0,Repeat,11,471788.13
ORD00426,2023-04-22,Apr-2023,2023,4,Keyboard,Wearables,East,REP008,15,45000,10,607500.0,Repeat,6,5054323.43
ORD00427,2023-05-23,May-2023,2023,5,Speaker,Electronics,South,REP006,47,12000,0,564000.0,Repeat,10,6509106.02
ORD00428,2023-09-03,Sep-2023,2023,9,Monitor,Wearables,East,REP011,22,45000,0,990000.0,New,5,7195540.34
ORD00429,2023-10-29,Oct-2023,2023,10,Tablet,Accessories,Central,REP018,27,5000,20,108000.0,New,11,968075.0
ORD00430,2023-09-01,Sep-2023,2023,9,Monitor,Accessories,West,REP014,28,5000,10,126000.0,New,2,333254.89
ORD00431,2023-01-19,Jan-2023,2023,1,Laptop,Electronics,South,REP002,34,15000,0,510000.0,Repeat,7,5066464.46
ORD00432,2023-01-28,Jan-2023,2023,1,Speaker,Electronics,South,REP015,5,35000,15,148750.0,Repeat,2,436417.83
ORD00433,2023-09-18,Sep-2023,2023,9,Smart Watch,Accessories,East,REP002,28,1500,10,37800.0,Repeat,7,317633.53
ORD00434,2024-10-03,Oct-2024,2024,10,Monitor,Accessories,West,REP018,42,12000,10,453600.0,Repeat,9,5641770.97
ORD00435,2023-02-11,Feb-2023,2023,2,Mobile,Accessories,South,REP010,36,5000,20,144000.0,Repeat,8,1550788.17
ORD00436,2023-11-02,Nov-2023,2023,11,Headphones,Wearables,West,REP018,48,1500,0,72000.0,Repeat,1,68282.82
ORD00437,2024-01-19,Jan-2024,2024,1,Mouse,Wearables,North,REP002,7,35000,5,232750.0,New,10,3201661.99
ORD00438,2024-01-13,Jan-2024,2024,1,Mouse,Accessories,Central,REP003,19,25000,10,427500.0,Repeat,1,555859.84
ORD00439,2023-09-19,Sep-2023,2023,9,Mouse,Accessories,South,REP013,49,800,15,33320.0,Repeat,10,486409.91
ORD00440,2024-10-01,Oct-2024,2024,10,Mouse,Wearables,West,REP010,36,800,20,23040.0,Repeat,12,362418.47
ORD00441,2024-04-12,Apr-2024,2024,4,Mobile,Wearables,Central,REP010,10,1500,20,12000.0,New,10,128264.3
ORD00442,2023-09-12,Sep-2023,2023,9,Tablet,Electronics,East,REP019,7,25000,0,175000.0,Repeat,5,1048807.44
ORD00443,2023-06-29,Jun-2023,2023,6,Headphones,Wearables,North,REP006,50,15000,0,750000.0,Repeat,7,5685479.74
ORD00444,2023-02-26,Feb-2023,2023,2,Speaker,Accessories,Central,REP001,36,2000,0,72000.0,Repeat,11,698862.12
ORD00445,2023-02-01,Feb-2023,2023,2,Monitor,Accessories,South,REP007,20,1500,15,25500.0,Repeat,9,281071.35
ORD00446,2024-11-17,Nov-2024,2024,11,Mouse,Accessories,East,REP008,34,12000,15,346800.0,Repeat,1,480380.38
ORD00447,2023-01-04,Jan-2023,2023,1,Smart Watch,Electronics,West,REP004,10,800,10,7200.0,Repeat,6,35465.38
ORD00448,2024-02-20,Feb-2024,2024,2,Mouse,Accessories,East,REP018,44,12000,5,501600.0,New,2,1352835.86
ORD00449,2024-08-09,Aug-2024,2024,8,Speaker,Accessories,East,REP014,41,8000,20,262400.0,Repeat,1,313110.33
ORD00450,2023-04-11,Apr-2023,2023,4,Tablet,Accessories,South,REP017,21,800,0,16800.0,New,5,116786.5
ORD00451,2024-02-13,Feb-2024,2024,2,Keyboard,Electronics,South,REP008,38,25000,20,760000.0,Repeat,5,4705269.82
ORD00452,2023-01-31,Jan-2023,2023,1,Tablet,Accessories,West,REP008,1,5000,15,4250.0,Repeat,7,36303.17
ORD00453,2023-03-06,Mar-2023,2023,3,Laptop,Wearables,North,REP013,33,15000,0,495000.0,New,11,5092888.33
ORD00454,2023-12-09,Dec-2023,2023,12,Laptop,Accessories,North,REP003,25,1500,0,37500.0,Repeat,11,410632.59
ORD00455,2024-10-06,Oct-2024,2024,10,Mouse,Wearables,North,REP011,4,2000,5,7600.0,Repeat,11,97416.19
ORD00456,2024-03-29,Mar-2024,2024,3,Speaker,Accessories,South,REP002,47,35000,0,1645000.0,New,5,6676829.08
ORD00457,2024-03-27,Mar-2024,2024,3,Monitor,Accessories,Central,REP010,26,12000,0,312000.0,Repeat,3,1224489.1
ORD00458,2024-11-18,Nov-2024,2024,11,Tablet,Wearables,Central,REP005,23,5000,10,103500.0,New,12,1752106.59
ORD00459,2024-10-02,Oct-2024,2024,10,Monitor,Accessories,West,REP002,11,800,15,7480.0,Repeat,2,20022.15
ORD00460,2023-01-24,Jan-2023,2023,1,Speaker,Electronics,Central,REP018,17,8000,0,136000.0,Repeat,4,608032.34
ORD00461,2023-05-16,May-2023,2023,5,Smart Watch,Electronics,East,REP006,13,35000,5,432250.0,New,8,4084865.52
ORD00462,2024-04-20,Apr-2024,2024,4,Laptop,Electronics,South,REP006,44,8000,0,352000.0,Repeat,3,845143.32
ORD00463,2023-08-13,Aug-2023,2023,8,Speaker,Accessories,South,REP017,43,35000,0,1505000.0,Repeat,8,14234638.57
ORD00464,2024-01-21,Jan-2024,2024,1,Mobile,Wearables,South,REP007,29,8000,15,197200.0,Repeat,5,1000759.21
ORD00465,2023-02-20,Feb-2023,2023,2,Tablet,Electronics,Central,REP011,4,12000,20,38400.0,Repeat,5,222180.1
ORD00466,2024-03-17,Mar-2024,2024,3,Camera,Wearables,East,REP002,16,2000,0,32000.0,New,2,69046.51
ORD00467,2023-04-21,Apr-2023,2023,4,Tablet,Electronics,West,REP016,43,1500,0,64500.0,Repeat,2,104465.42
ORD00468,2024-10-16,Oct-2024,2024,10,Mobile,Accessories,West,REP019,35,12000,0,420000.0,Repeat,5,2443554.0
ORD00469,2023-06-25,Jun-2023,2023,6,Mouse,Accessories,Central,REP011,48,2000,20,76800.0,Repeat,8,592100.45
ORD00470,2023-08-26,Aug-2023,2023,8,Keyboard,Electronics,South,REP004,33,12000,10,356400.0,New,7,2046758.54
ORD00471,2024-08-09,Aug-2024,2024,8,Monitor,Electronics,North,REP016,45,800,10,32400.0,Repeat,7,289515.13
ORD00472,2024-04-09,Apr-2024,2024,4,Monitor,Electronics,North,REP013,32,15000,5,456000.0,Repeat,3,1918032.77
ORD00473,2024-01-09,Jan-2024,2024,1,Laptop,Accessories,West,REP018,10,8000,15,68000.0,Repeat,3,195174.09
ORD00474,2023-12-02,Dec-2023,2023,12,Tablet,Electronics,North,REP013,44,35000,0,1540000.0,New,9,20682049.47
ORD00475,2024-12-04,Dec-2024,2024,12,Camera,Electronics,West,REP019,10,8000,10,72000.0,Repeat,2,214155.57
ORD00476,2023-12-02,Dec-2023,2023,12,Mouse,Wearables,West,REP015,49,800,0,39200.0,Repeat,10,460200.81
ORD00477,2023-10-02,Oct-2023,2023,10,Headphones,Electronics,West,REP020,39,1500,0,58500.0,Repeat,1,85828.91
ORD00478,2023-02-08,Feb-2023,2023,2,Smart Watch,Wearables,North,REP020,45,15000,15,573750.0,Repeat,7,5954116.87
ORD00479,2024-12-09,Dec-2024,2024,12,Camera,Wearables,Central,REP010,42,12000,0,504000.0,Repeat,6,4210299.69
ORD00480,2024-06-08,Jun-2024,2024,6,Keyboard,Electronics,North,REP003,19,35000,5,631750.0,Repeat,9,6370995.54
ORD00481,2024-12-12,Dec-2024,2024,12,Monitor,Electronics,North,REP012,12,15000,10,162000.0,Repeat,8,1391058.14
ORD00482,2024-07-06,Jul-2024,2024,7,Tablet,Wearables,North,REP020,29,25000,5,688750.0,New,10,5816058.21
ORD00483,2024-11-10,Nov-2024,2024,11,Monitor,Wearables,West,REP020,35,2000,5,66500.0,Repeat,3,279283.37
ORD00484,2024-03-22,Mar-2024,2024,3,Keyboard,Wearables,West,REP005,9,35000,10,283500.0,Repeat,4,1299263.5
ORD00485,2023-02-09,Feb-2023,2023,2,Keyboard,Electronics,East,REP017,1,45000,15,38250.0,Repeat,11,520737.08
ORD00486,2024-01-13,Jan-2024,2024,1,Laptop,Accessories,East,REP001,43,35000,20,1204000.0,Repeat,7,11035471.67
ORD00487,2024-12-03,Dec-2024,2024,12,Monitor,Wearables,Central,REP002,2,8000,0,16000.0,New,9,132931.45
ORD00488,2023-12-17,Dec-2023,2023,12,Smart Watch,Electronics,East,REP009,12,1500,5,17100.0,Repeat,10,183969.82
ORD00489,2023-12-28,Dec-2023,2023,12,Mouse,Wearables,East,REP006,41,15000,15,522750.0,Repeat,11,6744423.23
ORD00490,2023-10-03,Oct-2023,2023,10,Speaker,Electronics,South,REP007,35,800,0,28000.0,New,7,179358.63
ORD00491,2024-12-01,Dec-2024,2024,12,Smart Watch,Accessories,South,REP018,49,35000,15,1457750.0,Repeat,3,6296464.07
ORD00492,2024-02-03,Feb-2024,2024,2,Tablet,Wearables,Central,REP006,26,800,0,20800.0,Repeat,6,146118.17
ORD00493,2024-01-14,Jan-2024,2024,1,Mobile,Wearables,South,REP017,7,1500,15,8925.0,Repeat,6,56552.17
ORD00494,2024-05-16,May-2024,2024,5,Keyboard,Wearables,East,REP013,36,35000,0,1260000.0,Repeat,6,10048687.97
ORD00495,2023-10-22,Oct-2023,2023,10,Camera,Wearables,South,REP001,13,25000,15,276250.0,Repeat,2,781469.84
ORD00496,2024-08-13,Aug-2024,2024,8,Mobile,Wearables,North,REP016,39,2000,0,78000.0,New,4,363504.9
ORD00497,2023-12-08,Dec-2023,2023,12,Mouse,Electronics,South,REP009,3,8000,20,19200.0,New,4,82649.97
ORD00498,2023-11-30,Nov-2023,2023,11,Camera,Accessories,West,REP004,21,35000,0,735000.0,New,4,3852143.03
ORD00499,2024-09-26,Sep-2024,2024,9,Headphones,Accessories,West,REP016,47,1500,0,70500.0,Repeat,7,549329.06
ORD00500,2023-02-16,Feb-2023,2023,2,Laptop,Electronics,Central,REP009,10,8000,0,80000.0,New,1,107474.69
ORD00501,2024-04-12,Apr-2024,2024,4,Speaker,Wearables,Central,REP017,8,800,10,5760.0,Repeat,9,43654.44
ORD00502,2023-05-15,May-2023,2023,5,Monitor,Accessories,North,REP009,24,12000,0,288000.0,Repeat,9,3085681.06
ORD00503,2024-02-16,Feb-2024,2024,2,Tablet,Wearables,South,REP011,36,45000,5,1539000.0,New,6,12972145.68
ORD00504,2024-06-02,Jun-2024,2024,6,Speaker,Accessories,West,REP018,29,25000,0,725000.0,Repeat,3,2490153.81
ORD00505,2024-06-06,Jun-2024,2024,6,Smart Watch,Accessories,East,REP018,41,35000,15,1219750.0,Repeat,7,12595411.08
ORD00506,2024-12-30,Dec-2024,2024,12,Mouse,Wearables,East,REP006,33,12000,0,396000.0,Repeat,2,1170056.51
ORD00507,2024-03-14,Mar-2024,2024,3,Smart Watch,Electronics,North,REP005,1,5000,0,5000.0,Repeat,5,26518.81
ORD00508,2024-08-23,Aug-2024,2024,8,Headphones,Electronics,North,REP008,9,8000,20,57600.0,New,6,293231.16
ORD00509,2023-11-28,Nov-2023,2023,11,Smart Watch,Wearables,West,REP002,34,15000,15,433500.0,Repeat,9,5137138.52
ORD00510,2023-04-13,Apr-2023,2023,4,Camera,Wearables,East,REP010,34,1500,10,45900.0,Repeat,7,388934.76
ORD00511,2024-05-17,May-2024,2024,5,Tablet,Wearables,West,REP008,28,2000,15,47600.0,Repeat,12,836591.09
ORD00512,2024-02-28,Feb-2024,2024,2,Tablet,Electronics,North,REP005,24,1500,15,30600.0,Repeat,6,183882.61
ORD00513,2024-06-22,Jun-2024,2024,6,Headphones,Electronics,South,REP018,7,12000,0,84000.0,New,3,236911.94
ORD00514,2024-10-22,Oct-2024,2024,10,Laptop,Accessories,East,REP020,6,5000,5,28500.0,New,2,66331.66
ORD00515,2023-09-26,Sep-2023,2023,9,Monitor,Accessories,South,REP007,46,1500,5,65550.0,New,1,76874.36
ORD00516,2024-02-18,Feb-2024,2024,2,Keyboard,Wearables,North,REP015,12,12000,0,144000.0,Repeat,8,1180332.52
ORD00517,2024-01-07,Jan-2024,2024,1,Keyboard,Wearables,East,REP016,9,45000,0,405000.0,Repeat,1,416260.61
ORD00518,2023-04-03,Apr-2023,2023,4,Keyboard,Electronics,West,REP013,43,1500,0,64500.0,New,7,377981.14
ORD00519,2024-03-26,Mar-2024,2024,3,Mobile,Wearables,West,REP006,5,2000,15,8500.0,Repeat,4,37740.98
ORD00520,2023-08-11,Aug-2023,2023,8,Mouse,Wearables,Central,REP006,2,35000,0,70000.0,Repeat,3,252767.27
ORD00521,2024-09-21,Sep-2024,2024,9,Headphones,Electronics,West,REP006,7,45000,20,252000.0,New,11,3874444.42
ORD00522,2024-10-17,Oct-2024,2024,10,Camera,Wearables,South,REP018,36,12000,0,432000.0,Repeat,6,3258983.2
ORD00523,2023-09-08,Sep-2023,2023,9,Mouse,Wearables,Central,REP007,21,1500,0,31500.0,New,7,195254.86
ORD00524,2024-10-22,Oct-2024,2024,10,Monitor,Accessories,West,REP008,11,45000,0,495000.0,Repeat,1,593866.65
ORD00525,2023-09-17,Sep-2023,2023,9,Mouse,Wearables,West,REP020,46,8000,0,368000.0,Repeat,10,5068862.65
ORD00526,2024-03-25,Mar-2024,2024,3,Laptop,Wearables,South,REP019,12,2000,0,24000.0,Repeat,1,24762.64
ORD00527,2024-09-02,Sep-2024,2024,9,Monitor,Accessories,Central,REP016,47,8000,0,376000.0,Repeat,12,6437576.79
ORD00528,2023-05-22,May-2023,2023,5,Mouse,Electronics,Central,REP017,16,12000,0,192000.0,New,11,2802464.09
ORD00529,2023-05-18,May-2023,2023,5,Smart Watch,Wearables,West,REP002,36,15000,0,540000.0,New,1,532287.77
ORD00530,2024-05-15,May-2024,2024,5,Mouse,Electronics,West,REP017,33,1500,20,39600.0,Repeat,8,330903.63
ORD00531,2024-12-10,Dec-2024,2024,12,Smart Watch,Electronics,Central,REP012,12,15000,15,153000.0,Repeat,7,1549749.64
ORD00532,2023-07-26,Jul-2023,2023,7,Laptop,Wearables,East,REP010,16,45000,15,612000.0,New,10,8559615.22
ORD00533,2023-11-25,Nov-2023,2023,11,Mobile,Electronics,West,REP003,23,12000,0,276000.0,Repeat,2,450425.6
ORD00534,2024-10-20,Oct-2024,2024,10,Mouse,Accessories,South,REP019,48,35000,15,1428000.0,New,2,2890139.08
ORD00535,2023-10-11,Oct-2023,2023,10,Keyboard,Electronics,South,REP002,40,15000,0,600000.0,Repeat,7,6277004.58
ORD00536,2023-08-04,Aug-2023,2023,8,Mouse,Wearables,West,REP003,39,8000,0,312000.0,Repeat,1,387910.69
ORD00537,2023-06-05,Jun-2023,2023,6,Mobile,Electronics,South,REP006,8,2000,5,15200.0,Repeat,11,150102.89
ORD00538,2024-09-12,Sep-2024,2024,9,Mobile,Wearables,North,REP004,25,45000,0,1125000.0,Repeat,3,2798873.27
ORD00539,2023-02-02,Feb-2023,2023,2,Monitor,Wearables,South,REP011,43,1500,20,51600.0,Repeat,4,193720.01
ORD00540,2023-08-08,Aug-2023,2023,8,Laptop,Wearables,East,REP019,13,45000,5,555750.0,New,4,2612700.62
ORD00541,2023-07-03,Jul-2023,2023,7,Monitor,Accessories,East,REP017,7,12000,20,67200.0,New,3,175456.73
ORD00542,2023-01-24,Jan-2023,2023,1,Keyboard,Electronics,West,REP017,9,35000,20,252000.0,New,10,3188925.03
ORD00543,2023-06-03,Jun-2023,2023,6,Mouse,Accessories,East,REP013,9,5000,20,36000.0,Repeat,4,185823.07
ORD00544,2023-12-25,Dec-2023,2023,12,Speaker,Wearables,North,REP001,14,800,10,10080.0,New,3,40686.51
ORD00545,2024-05-23,May-2024,2024,5,Laptop,Accessories,North,REP008,30,8000,0,240000.0,New,4,1052835.35
ORD00546,2024-07-16,Jul-2024,2024,7,Smart Watch,Accessories,Central,REP012,25,25000,20,500000.0,Repeat,4,2784878.95
ORD00547,2023-03-18,Mar-2023,2023,3,Tablet,Accessories,North,REP005,31,5000,5,147250.0,New,6,1086683.63
ORD00548,2023-08-25,Aug-2023,2023,8,Keyboard,Wearables,West,REP009,4,12000,10,43200.0,Repeat,1,47959.78
ORD00549,2023-03-29,Mar-2023,2023,3,Speaker,Wearables,West,REP019,2,45000,0,90000.0,Repeat,3,378542.06
ORD00550,2024-10-27,Oct-2024,2024,10,Mobile,Accessories,East,REP011,17,12000,20,163200.0,New,4,842660.81
ORD00551,2023-02-03,Feb-2023,2023,2,Headphones,Wearables,North,REP004,2,800,0,1600.0,Repeat,8,15297.28
ORD00552,2024-04-07,Apr-2024,2024,4,Smart Watch,Accessories,West,REP010,40,8000,0,320000.0,Repeat,10,4076633.37
ORD00553,2024-01-16,Jan-2024,2024,1,Camera,Accessories,West,REP006,16,25000,5,380000.0,New,3,1579742.62
ORD00554,2024-04-17,Apr-2024,2024,4,Speaker,Electronics,North,REP004,3,1500,0,4500.0,New,9,35876.75
ORD00555,2023-01-28,Jan-2023,2023,1,Speaker,Accessories,Central,REP008,7,2000,5,13300.0,New,2,30384.89
ORD00556,2024-06-12,Jun-2024,2024,6,Laptop,Wearables,Central,REP001,34,8000,20,217600.0,New,8,1523515.97
ORD00557,2023-02-01,Feb-2023,2023,2,Mobile,Electronics,East,REP002,30,8000,0,240000.0,Repeat,1,260642.59
ORD00558,2023-09-10,Sep-2023,2023,9,Laptop,Accessories,West,REP008,22,8000,0,176000.0,New,6,1561801.28
ORD00559,2024-05-18,May-2024,2024,5,Camera,Accessories,South,REP013,12,8000,15,81600.0,Repeat,1,66275.58
ORD00560,2023-07-06,Jul-2023,2023,7,Smart Watch,Accessories,Central,REP017,44,35000,5,1463000.0,Repeat,12,19322826.03
ORD00561,2024-05-23,May-2024,2024,5,Laptop,Electronics,South,REP004,36,5000,0,180000.0,Repeat,11,2697863.65
ORD00562,2024-09-13,Sep-2024,2024,9,Speaker,Wearables,South,REP015,17,45000,5,726750.0,Repeat,3,1864666.2
ORD00563,2023-03-07,Mar-2023,2023,3,Keyboard,Accessories,South,REP005,45,2000,0,90000.0,New,1,133728.84
ORD00564,2024-02-29,Feb-2024,2024,2,Speaker,Wearables,North,REP010,22,800,0,17600.0,New,2,29406.23
ORD00565,2024-05-12,May-2024,2024,5,Monitor,Wearables,North,REP009,3,5000,15,12750.0,New,10,123058.71
ORD00566,2023-03-11,Mar-2023,2023,3,Mouse,Electronics,East,REP019,1,35000,0,35000.0,New,6,283315.28
ORD00567,2023-09-19,Sep-2023,2023,9,Mouse,Accessories,Central,REP017,3,800,0,2400.0,Repeat,8,27849.27
ORD00568,2024-09-12,Sep-2024,2024,9,Keyboard,Electronics,West,REP008,42,8000,0,336000.0,Repeat,10,3720568.8
ORD00569,2024-02-29,Feb-2024,2024,2,Speaker,Electronics,Central,REP018,48,25000,0,1200000.0,Repeat,7,12338058.04
ORD00570,2023-08-10,Aug-2023,2023,8,Monitor,Electronics,East,REP002,32,2000,10,57600.0,New,4,221946.44
ORD00571,2023-11-27,Nov-2023,2023,11,Speaker,Wearables,South,REP007,48,1500,15,61200.0,Repeat,10,613452.96
ORD00572,2023-04-27,Apr-2023,2023,4,Mouse,Electronics,West,REP001,5,25000,0,125000.0,Repeat,11,1234332.84
ORD00573,2024-04-23,Apr-2024,2024,4,Laptop,Electronics,Central,REP015,35,12000,0,420000.0,New,7,2465030.44
ORD00574,2024-11-07,Nov-2024,2024,11,Laptop,Wearables,East,REP004,35,8000,0,280000.0,New,11,3977117.44
ORD00575,2024-08-08,Aug-2024,2024,8,Keyboard,Accessories,Central,REP017,50,800,5,38000.0,Repeat,2,65242.24
ORD00576,2023-01-23,Jan-2023,2023,1,Keyboard,Accessories,Central,REP019,19,1500,0,28500.0,New,9,371836.0
ORD00577,2023-11-08,Nov-2023,2023,11,Keyboard,Electronics,South,REP006,49,8000,5,372400.0,New,9,3885180.55
ORD00578,2024-08-07,Aug-2024,2024,8,Monitor,Accessories,Central,REP012,29,5000,10,130500.0,Repeat,1,178564.35
ORD00579,2024-07-07,Jul-2024,2024,7,Laptop,Accessories,West,REP016,21,2000,15,35700.0,New,3,148813.64
ORD00580,2024-07-30,Jul-2024,2024,7,Mobile,Accessories,East,REP020,26,8000,20,166400.0,New,3,577888.3
ORD00581,2024-11-21,Nov-2024,2024,11,Mouse,Accessories,East,REP006,39,45000,10,1579500.0,Repeat,3,5327738.85
ORD00582,2024-08-15,Aug-2024,2024,8,Monitor,Electronics,North,REP009,3,800,0,2400.0,Repeat,12,25417.15
ORD00583,2024-08-17,Aug-2024,2024,8,Speaker,Accessories,North,REP012,28,5000,5,133000.0,Repeat,11,1424491.01
ORD00584,2023-10-18,Oct-2023,2023,10,Keyboard,Wearables,Central,REP008,22,45000,0,990000.0,New,8,9557251.11
ORD00585,2024-11-17,Nov-2024,2024,11,Speaker,Wearables,South,REP010,41,5000,10,184500.0,Repeat,12,2762535.78
ORD00586,2024-01-21,Jan-2024,2024,1,Speaker,Wearables,Central,REP008,47,25000,10,1057500.0,Repeat,1,1042643.49
ORD00587,2023-11-16,Nov-2023,2023,11,Tablet,Electronics,North,REP015,1,12000,10,10800.0,New,2,23115.34
ORD00588,2023-12-31,Dec-2023,2023,12,Mouse,Wearables,South,REP014,18,1500,10,24300.0,Repeat,1,27988.08
ORD00589,2023-08-16,Aug-2023,2023,8,Camera,Electronics,Central,REP013,35,1500,0,52500.0,Repeat,1,74352.28
ORD00590,2023-09-22,Sep-2023,2023,9,Speaker,Electronics,West,REP005,49,1500,5,69825.0,Repeat,10,591909.95
ORD00591,2024-09-30,Sep-2024,2024,9,Mobile,Wearables,North,REP010,5,15000,20,60000.0,New,10,856345.09
ORD00592,2023-09-12,Sep-2023,2023,9,Smart Watch,Accessories,Central,REP006,14,45000,0,630000.0,Repeat,4,2854094.72
ORD00593,2023-01-01,Jan-2023,2023,1,Smart Watch,Accessories,South,REP008,3,25000,0,75000.0,Repeat,9,584601.9
ORD00594,2024-12-18,Dec-2024,2024,12,Laptop,Electronics,South,REP012,18,25000,5,427500.0,Repeat,5,1896386.86
ORD00595,2024-03-15,Mar-2024,2024,3,Smart Watch,Electronics,North,REP007,45,25000,0,1125000.0,New,10,12279078.09
ORD00596,2024-04-26,Apr-2024,2024,4,Monitor,Wearables,North,REP017,9,25000,10,202500.0,Repeat,10,2687389.07
ORD00597,2023-02-12,Feb-2023,2023,2,Keyboard,Electronics,Central,REP001,26,2000,20,41600.0,Repeat,3,108305.02
ORD00598,2024-03-29,Mar-2024,2024,3,Camera,Accessories,West,REP017,7,15000,20,84000.0,New,10,780608.29
ORD00599,2024-10-03,Oct-2024,2024,10,Speaker,Electronics,East,REP018,28,800,15,19040.0,Repeat,10,259579.26
ORD00600,2024-12-16,Dec-2024,2024,12,Mouse,Wearables,West,REP020,36,2000,0,72000.0,Repeat,7,603315.71
